"","minutes","swd"
"1",0,0
"2",10,0
"3",20,0
"4",30,0
"5",40,2.21409624784029
"6",50,84.9246335620788
"7",60,164.822477233309
"8",70,155.379787189608
"9",80,103.930677569491
"10",90,16.4962303821694
"11",100,0
"12",110,0
"13",120,0
"14",130,0
"15",140,0
"16",150,0
"17",160,0
"18",170,0
"19",180,0
"20",190,43.6405022581355
"21",200,141.984328582281
"22",210,161.128026266637
"23",220,131.820265658062
"24",230,49.0406387595921
"25",240,0
"26",250,0
"27",260,0
"28",270,0
"29",280,0
